date,stocks,bonds,40_85,20_60,0_35
30/01/1976,0.088665331,0.0195,0.078290531,0.060999199,0.043707866
29/02/1976,-0.005974713,0.007552722,-0.003945598,-0.000563739,0.00281812
31/03/1976,0.017491597,0.011974299,0.016664002,0.015284678,0.013905353
30/04/1976,-0.003730808,0.005579607,-0.002334246,-6.64E-06,0.002320962
31/05/1976,-0.010953041,-0.009088303,-0.010673331,-0.010207146,-0.009740961
30/06/1976,0.028713054,0.014191932,0.026534886,0.022904605,0.019274324
31/07/1976,-0.009261411,0.01170871,-0.006115893,-0.000873363,0.004369168
31/08/1976,-0.003647112,0.017877306,-0.00041845,0.004962655,0.01034376
30/09/1976,0.009329242,0.013773339,0.009995856,0.01110688,0.012217905
31/10/1976,-0.030462124,0.010759554,-0.024278872,-0.013973453,-0.003668033
30/11/1976,0.001130657,0.02417681,0.00458758,0.010349118,0.016110656
31/12/1976,0.068909539,0.018233072,0.061308069,0.048638952,0.035969835
31/01/1977,-0.03129278,-0.019204154,-0.029479486,-0.02645733,-0.023435174
28/02/1977,-0.005423764,0.003792559,-0.004041316,-0.001737235,0.000566846
31/03/1977,-0.008412856,0.007468583,-0.00603064,-0.002060281,0.001910079
30/04/1977,0.010643204,0.009070294,0.010407268,0.01001404,0.009620813
31/05/1977,-0.01224761,0.006914436,-0.009373303,-0.004582792,0.00020772
30/06/1977,0.032781965,0.014163087,0.029989133,0.025334414,0.020679694
31/07/1977,-0.012865591,-0.000592465,-0.011024622,-0.007956341,-0.004888059
31/08/1977,0.007175376,0.009569776,0.007534536,0.008133136,0.008731736
30/09/1977,0.010523719,0,0.008945161,0.006314231,0.003683302
31/10/1977,-0.030233241,-0.005284785,-0.026490973,-0.020253859,-0.014016744
30/11/1977,0.00976598,0.008939108,0.009641949,0.009435231,0.009228513
31/12/1977,0.004861917,-0.004429946,0.003468138,0.001145172,-0.001177794
31/01/1978,-0.029855283,-0.002350774,-0.025729606,-0.018853479,-0.011977352
28/02/1978,-0.012157865,0.003871085,-0.009753522,-0.005746285,-0.001739048
31/03/1978,0.037341401,0.003185507,0.032218017,0.023679043,0.01514007
30/04/1978,0.05170455,0.001420574,0.044161954,0.03159096,0.019019966
31/05/1978,0.013271663,-0.004506016,0.010605011,0.006160592,0.001716172
30/06/1978,-0.007092608,-0.000251457,-0.006066435,-0.004356147,-0.00264586
31/07/1978,0.051677327,0.011402689,0.045636131,0.035567472,0.025498812
31/08/1978,0.020417086,0.015833555,0.019729557,0.018583674,0.017437791
30/09/1978,0.006577399,-0.000408039,0.005529583,0.003783224,0.002036864
31/10/1978,-0.051967552,-0.014123598,-0.046290959,-0.03682997,-0.027368982
30/11/1978,0.012487996,0.00977145,0.012080514,0.011401377,0.010722241
31/12/1978,0.01790817,-0.009594883,0.013782712,0.006906949,3.12E-05
31/01/1979,0.039343399,0.018713258,0.036248878,0.031091343,0.025933808
28/02/1979,-0.018833628,-0.004226615,-0.016642576,-0.012990823,-0.009339069
31/03/1979,0.047850071,0.010284877,0.042215292,0.032823993,0.023432695
30/04/1979,0.011922139,-0.001615907,0.009891432,0.006506921,0.003122409
31/05/1979,-0.015880204,0.018693853,-0.010694096,-0.002050581,0.006592933
30/06/1979,0.018420037,0.021766775,0.018922047,0.019758732,0.020595417
31/07/1979,0.001921146,0.000466486,0.001702947,0.001339282,0.000975617
31/08/1979,0.044427691,-0.0025645,0.037378862,0.025630814,0.013882766
30/09/1979,0.020525172,-0.010440204,0.015880365,0.008139022,0.000397678
31/10/1979,-0.050648123,-0.06078261,-0.052168296,-0.054701918,-0.057235539
30/11/1979,0.027266173,0.029172601,0.027552137,0.028028744,0.028505351
31/12/1979,0.018618205,0.002687952,0.016228667,0.012246104,0.008263541
31/01/1980,0.060254967,-0.030463038,0.046647266,0.023967765,0.001288264
29/02/1980,0.011401207,-0.059153753,0.000817963,-0.016820777,-0.034459517
31/03/1980,-0.086967336,0.000801497,-0.073802011,-0.051859803,-0.029917594
30/04/1980,0.040750481,0.113365374,0.051642715,0.069796438,0.087950161
31/05/1980,0.033223489,0.047154728,0.035313174,0.038795984,0.042278794
30/06/1980,0.039394732,0.018852093,0.036313336,0.031177676,0.026042017
31/07/1980,0.042738395,-0.020675722,0.033226277,0.017372748,0.001519219
31/08/1980,0.012451152,-0.035798977,0.005213632,-0.0068489,-0.018911432
30/09/1980,0.02676329,-0.010472033,0.021177992,0.011869161,0.00256033
31/10/1980,0.035034034,-0.011464766,0.028059214,0.016434514,0.004809814
30/11/1980,0.05341166,-0.001865365,0.045120107,0.03130085,0.017481594
31/12/1980,-0.029466709,0.027301541,-0.020951471,-0.006759409,0.007432653
31/01/1981,-0.016059774,0.000474567,-0.013579623,-0.009446038,-0.005312453
28/02/1981,0.018103967,-0.018973829,0.012542298,0.003272849,-0.0059966
31/03/1981,0.035008417,0.023773074,0.033323116,0.03051428,0.027705444
30/04/1981,0.017619072,-0.035658066,0.009627502,-0.003691783,-0.017011067
31/05/1981,-0.002519271,0.035915432,0.003245935,0.01285461,0.022463286
30/06/1981,0.00967942,-0.002285076,0.007884746,0.004893622,0.001902498
31/07/1981,0.004692896,-0.019270262,0.001098422,-0.004892367,-0.010883156
31/08/1981,-0.02674843,-0.021098412,-0.025900927,-0.024488423,-0.023075918
30/09/1981,-0.073776312,-0.000658111,-0.062808582,-0.044529032,-0.026249481
31/10/1981,0.027118123,0.058528158,0.031829628,0.039682137,0.047534646
30/11/1981,0.047853201,0.085232126,0.05346004,0.062804771,0.072149502
31/12/1981,-0.00950348,-0.037405929,-0.013688847,-0.02066446,-0.027640072
31/01/1982,-0.000773206,0.006327689,0.000291929,0.002067152,0.003842376
28/02/1982,-0.043073751,0.019529512,-0.033683261,-0.018032446,-0.00238163
31/03/1982,-0.013060676,0.012697722,-0.009196916,-0.002757317,0.003682282
30/04/1982,0.035666373,0.028014615,0.034518609,0.03260567,0.03069273
31/05/1982,-0.015433291,0.01623921,-0.010682416,-0.002764291,0.005153835
30/06/1982,-0.025721333,-0.015705376,-0.024218939,-0.02171495,-0.019210961
31/07/1982,-0.010190654,0.042990511,-0.002213479,0.011081812,0.024377103
31/08/1982,0.081361174,0.054579478,0.07734392,0.070648496,0.063953072
30/09/1982,0.013752031,0.040478901,0.017761061,0.024442779,0.031124497
31/10/1982,0.079730484,0.052968018,0.075716114,0.069025497,0.062334881
30/11/1982,0.039292601,0.009771625,0.034864455,0.027484211,0.020103966
31/12/1982,0.028530586,0.020098501,0.027265773,0.025157752,0.02304973
31/01/1983,0.033099835,0.001683948,0.028387452,0.02053348,0.012679509
28/02/1983,0.021281216,0.028691526,0.022392763,0.02424534,0.026097918
31/03/1983,0.042051576,0.002614825,0.036136063,0.026276875,0.016417688
30/04/1983,0.067297434,0.027872845,0.061383745,0.051527598,0.041671451
31/05/1983,-0.00792237,-0.013109226,-0.008700398,-0.009997112,-0.011293826
30/06/1983,0.037433912,0.001071262,0.031979514,0.022888852,0.013798189
31/07/1983,-0.011287968,-0.023649,-0.013142123,-0.016232381,-0.019322639
31/08/1983,0.014551579,0.006959648,0.013412789,0.011514806,0.009616824
30/09/1983,0.010944695,0.032979579,0.014249928,0.019758649,0.025267369
31/10/1983,-0.012395248,0.003582532,-0.009998581,-0.006004136,-0.002009691
30/11/1983,0.028935159,0.011444172,0.026311511,0.021938764,0.017566018
31/12/1983,0.015629528,0.001920396,0.013573159,0.010145875,0.006718592
31/01/1984,0.017494323,0.020617466,0.017962795,0.01874358,0.019524366
29/02/1984,-0.029488363,-0.005126355,-0.025834062,-0.01974356,-0.013653058
31/03/1984,0.043027983,-0.01122394,0.034890195,0.021327214,0.007764233
30/04/1984,0.007865434,-0.001960669,0.006391519,0.003934993,0.001478467
31/05/1984,-0.068126337,-0.031174062,-0.062583496,-0.053345427,-0.044107358
30/06/1984,0.019215306,0.012806838,0.018254036,0.016651919,0.015049802
31/07/1984,-0.020861617,0.044994695,-0.01098317,0.005480908,0.021944986
31/08/1984,0.097788237,0.01683979,0.08564597,0.065408858,0.045171747
30/09/1984,0.009886719,0.0237505,0.011966286,0.015432232,0.018898177
31/10/1984,0.012924026,0.042427481,0.017349545,0.024725408,0.032101272
30/11/1984,0.000930308,0.017887834,0.003473937,0.007713318,0.0119527
31/12/1984,0.029888808,0.014606522,0.027596465,0.023775894,0.019955322
31/01/1985,0.063075551,0.02276407,0.057028829,0.046950959,0.036873089
28/02/1985,0.018097952,-0.020453919,0.012315172,0.002677204,-0.006960764
31/03/1985,0.010216856,0.020387089,0.011742391,0.014284949,0.016827507
30/04/1985,-0.001720503,0.020683841,0.001640149,0.007241235,0.012842321
31/05/1985,0.049815541,0.052257193,0.050181789,0.050792202,0.051402615
30/06/1985,0.01054956,0.010571612,0.010552868,0.01055838,0.010563893
31/07/1985,-0.007682439,-0.003487007,-0.007053124,-0.006004266,-0.004955408
31/08/1985,0.012515718,0.018798043,0.013458067,0.015028648,0.016599229
30/09/1985,-0.017703752,0.00603057,-0.014143604,-0.008210023,-0.002276442
31/10/1985,0.042689317,0.020960694,0.039430024,0.033997868,0.028565712
30/11/1985,0.039374292,0.024029894,0.037072632,0.033236533,0.029400433
31/12/1985,0.046749168,0.030566536,0.044321773,0.040276115,0.036230457
31/01/1986,0.004268874,0.005563518,0.00446307,0.004786731,0.005110393
28/02/1986,0.058660093,0.039425453,0.055774897,0.050966237,0.046157577
31/03/1986,0.101962339,0.031056166,0.091326413,0.07359987,0.055873326
30/04/1986,-0.002981375,0.005299285,-0.001739276,0.000330889,0.002401054
31/05/1986,0.022481899,-0.01911303,0.01624266,0.005843928,-0.004554805
30/06/1986,0.012742184,0.026177114,0.014757423,0.018116156,0.021474888
31/07/1986,-0.013266819,0.008852232,-0.009948962,-0.004419199,0.001110564
31/08/1986,0.085024996,0.024850123,0.075998765,0.060955047,0.045911329
30/09/1986,-0.038082564,-0.009868923,-0.033850518,-0.026797108,-0.019743697
31/10/1986,0.006247797,0.014455888,0.007479011,0.009531033,0.011583056
30/11/1986,0.030171069,0.013989664,0.027743859,0.023698507,0.019653156
31/12/1986,0.011311719,0.003753965,0.010178056,0.008288617,0.006399179
31/01/1987,0.093778119,0.014096675,0.081825902,0.061905541,0.04198518
28/02/1987,0.027931441,0.006934585,0.024781913,0.019532699,0.014283484
31/03/1987,0.039157537,-0.004507755,0.032607743,0.02169142,0.010775097
30/04/1987,0.040883642,-0.027420526,0.030638017,0.013561975,-0.003514067
31/05/1987,0.014061033,-0.003912158,0.011365054,0.006871757,0.002378459
30/06/1987,0.007845098,0.013762677,0.008732735,0.010212129,0.011691524
31/07/1987,0.031281233,-0.00076846,0.026473779,0.018461356,0.010448933
31/08/1987,0.034483277,-0.005351186,0.028508107,0.018549492,0.008590876
30/09/1987,-0.004675546,-0.021294419,-0.007168377,-0.011323095,-0.015477813
31/10/1987,-0.195700749,0.03561551,-0.16100331,-0.103174245,-0.045345181
30/11/1987,-0.053776895,0.008009676,-0.044508909,-0.029062266,-0.013615624
31/12/1987,0.001226502,0.013621767,0.003085792,0.006184608,0.009283425
31/01/1988,0.057311289,0.03515208,0.053987408,0.048447606,0.042907803
29/02/1988,0.060382275,0.011870454,0.053105502,0.040977546,0.028849591
31/03/1988,0.007352501,-0.009384941,0.004841885,0.000657524,-0.003526837
30/04/1988,0.016350296,-0.005396501,0.013088277,0.007651577,0.002214878
31/05/1988,-0.014688002,-0.006721916,-0.013493089,-0.011501568,-0.009510046
30/06/1988,0.039994905,0.024125992,0.037614568,0.03364734,0.029680111
31/07/1988,0.018790818,-0.005244923,0.015185457,0.009176522,0.003167586
31/08/1988,-0.039605002,0.002621403,-0.033271041,-0.02271444,-0.012157839
30/09/1988,0.035937207,0.022639477,0.033942547,0.030618115,0.027293682
31/10/1988,0.022526139,0.018826252,0.021971156,0.021046184,0.020121212
30/11/1988,0.015767143,-0.012147812,0.0115799,0.004601161,-0.002377578
31/12/1988,0.024959529,0.001125799,0.02138447,0.015426037,0.009467605
31/01/1989,0.061723334,0.014388298,0.054623078,0.042789319,0.03095556
28/02/1989,-0.017357086,-0.007248445,-0.01584079,-0.01331363,-0.01078647
31/03/1989,0.020678416,0.004323535,0.018225184,0.014136464,0.010047743
30/04/1989,0.024465302,0.020926023,0.02393441,0.02304959,0.02216477
31/05/1989,0.020733224,0.026277586,0.021564879,0.022950969,0.024337059
30/06/1989,-0.012512625,0.030448157,-0.006068508,0.004671688,0.015411883
31/07/1989,0.077988948,0.021256899,0.069479141,0.055296128,0.041113116
31/08/1989,0.008109078,-0.014815801,0.004670346,-0.001060873,-0.006792093
30/09/1989,0.006100242,0.005117874,0.005952887,0.005707295,0.005461703
31/10/1989,-0.025195298,0.024623319,-0.017722505,-0.005267851,0.007186804
30/11/1989,0.037438146,0.009531144,0.033252095,0.026275345,0.019298594
31/12/1989,0.025515632,0.002675815,0.022089659,0.016379705,0.010669751
31/01/1990,-0.049156473,-0.011883185,-0.043565479,-0.034247158,-0.024928836
28/02/1990,-0.031439797,0.003235806,-0.026238456,-0.017569556,-0.008900655
31/03/1990,-0.03890413,0.00073653,-0.032958031,-0.023047866,-0.013137701
30/04/1990,-0.014814044,-0.009161547,-0.013966169,-0.012553045,-0.011139921
31/05/1990,0.088109115,0.029608375,0.079334004,0.064708819,0.050083634
30/06/1990,-0.015829339,0.016045206,-0.011048157,-0.003079521,0.004889115
31/07/1990,-0.016657182,0.013833106,-0.012083639,-0.004461067,0.003161505
31/08/1990,-0.102711181,-0.013354582,-0.089307691,-0.066968542,-0.044629392
30/09/1990,-0.116358282,0.008272971,-0.097663594,-0.066505781,-0.035347968
31/10/1990,0.064613795,0.01269605,0.056826133,0.043846697,0.030867261
30/11/1990,-0.008564627,0.021525949,-0.00405104,0.003471604,0.010994248
31/12/1990,0.028571408,0.015581403,0.026622907,0.023375406,0.020127904
31/01/1991,0.022756037,0.012361667,0.021196882,0.018598289,0.015999697
28/02/1991,0.101808753,0.008536062,0.087817849,0.064499676,0.041181504
31/03/1991,0.016629205,0.006879715,0.015166781,0.012729409,0.010292037
30/04/1991,0.004325301,0.010833356,0.005301509,0.006928523,0.008555537
31/05/1991,0.026076079,0.005847834,0.023041843,0.017984781,0.01292772
30/06/1991,-0.049689371,-0.00050839,-0.042312224,-0.030016978,-0.017721733
31/07/1991,0.037524445,0.013867361,0.033975883,0.028061612,0.022147341
31/08/1991,-0.004977292,0.021639979,-0.000984701,0.005669616,0.012323934
30/09/1991,0.004867343,0.020263534,0.007176772,0.01102582,0.014874867
31/10/1991,0.015348542,0.011133915,0.014716348,0.013662691,0.012609034
30/11/1991,-0.051502327,0.009169169,-0.042401602,-0.027233728,-0.012065854
31/12/1991,0.043248334,0.029698259,0.041215822,0.037828304,0.034440785
31/01/1992,-0.003157103,-0.013604196,-0.004724167,-0.00733594,-0.009947713
29/02/1992,-0.003925983,0.006502163,-0.002361761,0.000245275,0.002852312
31/03/1992,-0.037332915,-0.005637584,-0.032578615,-0.024654783,-0.01673095
30/04/1992,0.013636562,0.007223103,0.012674543,0.011071178,0.009467814
31/05/1992,0.019794999,0.018869842,0.019656226,0.019424936,0.019193647
30/06/1992,-0.049879619,0.01376246,-0.040333307,-0.024422788,-0.008512268
31/07/1992,-0.002706531,0.020402205,0.00075978,0.006536964,0.012314147
31/08/1992,0.005431177,0.010130224,0.006136034,0.007310796,0.008485557
30/09/1992,0.00041516,0.011853668,0.002130936,0.004990563,0.007850191
31/10/1992,0.009230981,-0.013258219,0.005857601,0.000235301,-0.005386999
30/11/1992,0.033853094,0.000226129,0.028809049,0.020402308,0.011995567
31/12/1992,0.010295367,0.015901431,0.011136276,0.012537792,0.013939309
31/01/1993,0.005209378,0.019176196,0.0073044,0.010796105,0.014287809
28/02/1993,0.019681905,0.017505279,0.019355411,0.018811254,0.018267098
31/03/1993,0.041460311,0.004166866,0.035866294,0.026542933,0.017219572
30/04/1993,0.027340121,0.006963497,0.024283628,0.019189472,0.014095316
31/05/1993,0.01491108,0.001273414,0.01286543,0.009456014,0.006046597
30/06/1993,0.000410177,0.018123063,0.00306711,0.007495332,0.011923553
31/07/1993,0.026063178,0.005655857,0.02300208,0.01790025,0.012798419
31/08/1993,0.041292257,0.017527825,0.037727592,0.031786484,0.025845376
30/09/1993,-0.019762914,0.002746639,-0.016386481,-0.010759093,-0.005131705
31/10/1993,0.039554989,0.003736743,0.034182252,0.025227691,0.016273129
30/11/1993,-0.051363306,-0.00850687,-0.044934841,-0.034220732,-0.023506623
31/12/1993,0.057044989,0.005419736,0.049301201,0.036394888,0.023488575
31/01/1994,0.056659757,0.013501623,0.050186037,0.039396503,0.02860697
28/02/1994,-0.026738686,-0.017373298,-0.025333878,-0.022992531,-0.020651184
31/03/1994,-0.049542964,-0.024654278,-0.045809661,-0.03958749,-0.033365318
30/04/1994,0.02352357,-0.007985102,0.018797269,0.010920101,0.003042933
31/05/1994,0.009866999,-0.000140324,0.0083659,0.00586407,0.003362239
30/06/1994,-0.026555362,-0.002209908,-0.022903544,-0.016817181,-0.010730817
31/07/1994,0.02377577,0.01986322,0.023188888,0.02221075,0.021232613
31/08/1994,0.028555369,0.001240975,0.02445821,0.017629611,0.010801013
30/09/1994,-0.03600867,-0.014718318,-0.032815117,-0.027492529,-0.022169941
31/10/1994,0.014629364,-0.000891011,0.012301308,0.008421214,0.00454112
30/11/1994,-0.026441116,-0.002220896,-0.022808083,-0.016753028,-0.010697973
31/12/1994,0.01055371,0.006905259,0.010006442,0.009094329,0.008182217
31/01/1995,-0.020896984,0.019790479,-0.014793865,-0.004621999,0.005549867
28/02/1995,0.005057475,0.023775781,0.007865221,0.012544797,0.017224374
31/03/1995,0.003860175,0.006135162,0.004201423,0.004770169,0.005338916
30/04/1995,0.029561221,0.013968505,0.027222314,0.023324135,0.019425956
31/05/1995,0.01494832,0.038697225,0.018510655,0.024447882,0.030385108
30/06/1995,-0.002733616,0.007331594,-0.001223835,0.001292468,0.00380877
31/07/1995,0.056195819,-0.002233421,0.047431433,0.032824123,0.018216813
31/08/1995,0.016215535,0.012068688,0.015593508,0.014556796,0.013520084
30/09/1995,0.022839874,0.00972862,0.020873186,0.017595372,0.014317559
31/10/1995,-0.009107052,0.013004702,-0.005790289,-0.00026235,0.005265588
30/11/1995,0.040753176,0.014984914,0.036887937,0.030445871,0.024003805
31/12/1995,0.029700151,0.014033703,0.027350184,0.023433572,0.01951696
31/01/1996,0.043767865,0.026258861,0.031813826,0.012341432,0.008992945
29/02/1996,0.005604573,-0.041289996,0.003936149,-0.003070841,0.011256822
31/03/1996,0.013323256,-0.001278979,0.006981748,-0.005719469,-0.000232065
30/04/1996,0.043666757,0.028721976,0.044485557,0.037393911,0.030154809
31/05/1996,-0.01265872,-0.020453842,-0.009185382,-0.00465213,-0.01666292
30/06/1996,-0.007548824,0.006253409,-0.011330436,-0.012195348,-0.007098054
31/07/1996,-0.04147376,0.011511288,-0.029260389,-0.011915938,0.007610357
31/08/1996,0.02842451,0.010256915,0.032863581,0.033341842,0.025406006
30/09/1996,0.014766707,0.024432695,0.012087142,0.01402927,0.007589105
31/10/1996,-0.030722693,-0.001083725,-0.012260057,0.008216957,0.007089102
30/11/1996,0.010876424,0.002789745,0.006215767,0.014259633,0.014958879
31/12/1996,-0.000124845,-0.007531963,0.004137593,0.005582164,0.009753314
31/01/1997,0.054701603,0.02405991,0.036265392,0.030142598,0.012019686
28/02/1997,0.006438541,-0.000620666,0.013234142,0.021082474,0.016330281
31/03/1997,-0.004076697,-0.015983341,-0.006675966,-0.008791706,-0.012520394
30/04/1997,-0.003020958,0.002049771,0.002245914,0.002982686,0.016694549
31/05/1997,0.050152954,0.010151872,0.038568273,0.027896534,0.025566361
30/06/1997,0.019932575,0.015099101,0.008120793,-0.000309546,0.00182434
31/07/1997,0.041511001,0.040655468,0.032706675,0.025286706,0.018409783
31/08/1997,-0.033935504,-0.015536029,-0.014111365,-0.000388979,0.000396633
30/09/1997,0.050621328,0.036619516,0.049368736,0.056658179,0.053416516
31/10/1997,-0.086833938,-0.019066654,-0.064799858,-0.034768943,-0.016023104
30/11/1997,-0.004659555,0.001733023,0.002836384,0.005745457,0.000957146
31/12/1997,0.030927724,0.024427059,0.032144248,0.036041432,0.025646407
31/01/1998,0.028594442,0.022576592,0.030109295,0.030648941,0.037693308
28/02/1998,0.048856884,0.004341595,0.053070867,0.044113827,0.022478599
31/03/1998,0.044981639,-0.006228119,0.033817346,0.033524729,0.019346257
30/04/1998,0.011090069,0.005161154,0.001407744,0.003886946,0.002415043
31/05/1998,0.023063175,0.039388375,0.024753105,0.015676972,0.002753687
30/06/1998,-0.023898243,-0.00083125,-0.018535211,-0.014680721,-0.013216955
31/07/1998,0.021165105,0.018730927,0.008989365,0.003222537,0.013568042
31/08/1998,-0.127806997,0.011215423,-0.09503747,-0.063449284,-0.010640761
30/09/1998,-0.04077344,0.030678364,-0.039168583,-0.029033966,-0.003121524
31/10/1998,0.062541495,0.000815814,0.043322277,0.030843746,0.013571942
30/11/1998,0.082572976,0.020690039,0.065475939,0.051821169,0.029527821
31/12/1998,0.011928687,0.016530637,0.008872736,0.003636845,0.009671682
31/01/1999,0.024299963,0.016629782,0.016964412,0.009021357,0.00445938
28/02/1999,0.010976824,-0.029614323,0.022575154,0.021823133,0.00131546
31/03/1999,0.022572176,-0.00326242,0.019284453,0.017760364,0.022027854
30/04/1999,0.046889484,0.016912138,0.038859754,0.030420253,0.014705667
31/05/1999,-0.036319408,-0.046001017,-0.034044917,-0.026997092,-0.022222099
30/06/1999,0.055866488,0.004936331,0.034422214,0.017013942,-0.004940766
31/07/1999,-0.012110122,-0.013664843,-0.008621251,-0.009098649,-0.01032782
31/08/1999,0.014378784,-0.004643089,0.016047317,0.01099506,0.010435597
30/09/1999,-0.039199031,-0.023103965,-0.042017899,-0.036729785,-0.02949349
31/10/1999,0.0285567,-0.005059904,0.020782827,0.008642816,0.005116192
30/11/1999,0.095935443,0.017778623,0.079997657,0.052396852,0.015473667
31/12/1999,0.068959158,-0.016828745,0.052936611,0.024456564,0.003508811
31/01/2000,-0.04244891,-0.023428374,-0.041476844,-0.041626039,-0.03576425
29/02/2000,0.048582609,0.028037249,0.025787937,0.00419466,0.010671482
31/03/2000,0.023154003,0.01441707,0.022731845,0.029241227,0.023064956
30/04/2000,-0.036232175,-0.009063717,-0.034525825,-0.015966793,0.007014106
31/05/2000,0.012358754,0.053577109,0.007572165,0.013349727,0.006965251
30/06/2000,0.026117008,0.006952125,0.018118272,0.011267268,0.004940766
31/07/2000,-0.010539208,-0.00220702,-0.001652181,0.000119903,0.000983295
31/08/2000,0.060013747,0.017244025,0.044577849,0.026084542,0.014734559
30/09/2000,-0.050021615,-0.019131469,-0.041011172,-0.022985078,-0.000968065
31/10/2000,-0.028054181,0.001816944,-0.007507153,0.004157869,0.016473052
30/11/2000,-0.027593553,0.040262629,-0.023871498,0.00130844,0.014299124
31/12/2000,-0.014162859,-0.013002994,0.001867323,0.004247773,0.007518881
31/01/2001,0.030696419,0.024154062,0.021005893,0.0180665,0.006529923
28/02/2001,-0.061554466,0.008008868,-0.039628281,-0.015456808,0.003707177
31/03/2001,-0.072738992,-0.016129523,-0.054953871,-0.032773906,-0.007386969
30/04/2001,0.065304789,-0.010304022,0.04545562,0.028064954,0.0130234
31/05/2001,-0.00234429,-0.005531223,-0.002338167,0.003157588,-0.000918284
30/06/2001,-0.030450952,0.012888309,-0.026801634,-0.015078165,-0.002757383
31/07/2001,-0.042797952,0.009251029,-0.026957415,-0.013495647,0.003686676
31/08/2001,-0.044459665,0.0151113,-0.012985854,0.003831067,0.009182485
30/09/2001,-0.11920814,-0.004126072,-0.100990108,-0.079293174,-0.040036146
31/10/2001,0.052859461,0.01739805,0.043576818,0.03410391,0.019905067
30/11/2001,0.062713272,0.001647357,0.042602049,0.026258973,0.013940674
31/12/2001,-0.002234719,-0.030344695,0.001837443,-0.001759373,-0.001833201
31/01/2002,-0.01450713,0.014966977,-0.010473928,-0.002577472,0.010100768
28/02/2002,-0.007726989,0.002948656,-0.002045625,-0.0045857,0.002727303
31/03/2002,0.03960358,-0.012335775,0.030834746,0.01416884,0.014850643
30/04/2002,-0.038409205,0.008762499,-0.014101215,0.00085853,0.012209615
31/05/2002,0.000180925,0.020624343,-0.003557517,-0.001566243,-0.000748338
30/06/2002,-0.092022349,0.006144891,-0.070526854,-0.044280246,-0.023470326
31/07/2002,-0.097028973,-0.018624916,-0.075879901,-0.06145738,-0.024310962
31/08/2002,0.010236014,0.029718847,0.011573004,0.013739589,0.017837329
30/09/2002,-0.101221359,0.001014686,-0.074772002,-0.045745779,-0.020403591
31/10/2002,0.04769988,-0.003805019,0.030832333,0.008863555,0.009493633
30/11/2002,0.045679859,0.008097303,0.033082367,0.018350506,0.006190407
31/12/2002,-0.071019646,0.014259561,-0.043813986,-0.017018705,-0.004231891
31/01/2003,-0.058297919,0.000358502,-0.053983252,-0.028675231,-0.016832566
28/02/2003,0.010982528,0.041688342,0.007943303,0.004822149,0.006777875
31/03/2003,0.01107091,0.000320398,0.010976137,0.00278168,-0.004049096
30/04/2003,0.060234231,0.004132862,0.05585155,0.041240734,0.032936376
31/05/2003,0.030475862,0.029394147,0.04026093,0.038278052,0.032179107
30/06/2003,0.023340289,-0.024699236,0.012178693,0.011987729,0.004483378
31/07/2003,0.038291212,-0.000617761,0.026058452,0.017441551,0.007018294
31/08/2003,0.042468552,0.001133646,0.028003291,0.014602968,0.001919652
30/09/2003,-0.026482609,0.006040034,-0.010697039,-0.003711757,-0.001566503
31/10/2003,0.033489486,-0.017388035,0.024896557,0.01139695,-0.003138584
30/11/2003,0.001572348,0.001854367,0.007995748,0.006801156,0.003437801
31/12/2003,0.020575914,0.001651264,0.022138448,0.020184653,0.01082165
31/01/2004,0.007606008,-0.015629596,0.006056197,0.004358126,-0.001558594
29/02/2004,0.001829204,-0.010751766,0.014856715,0.013366902,0.00827387
31/03/2004,0.002140619,0.017480902,-0.005274085,-0.002038901,-0.000146396
30/04/2004,0.012269457,-0.004257834,0.011196306,0.005472866,-0.000902581
31/05/2004,-0.033149382,-0.018311766,-0.0258062,-0.015032252,-0.014112069
30/06/2004,0.028035318,0.008140105,0.02118123,0.014738596,0.011130377
31/07/2004,-0.0352398,-0.004814578,-0.024177256,-0.011019209,-0.005989227
31/08/2004,0.013985953,0.027203213,0.015186981,0.016119092,0.017447545
30/09/2004,0.023132035,0.01101876,0.023501229,0.018415582,0.013975935
31/10/2004,0.008042308,0.015007439,0.009738784,0.011711844,0.009422698
30/11/2004,0.025754705,-0.002513384,0.026103319,0.020091531,0.014761437
31/12/2004,0.02238841,0.005858882,0.020453814,0.014944176,0.010767045
31/01/2005,0.005442958,0.0069366,0.012599793,0.010113111,0.005772638
28/02/2005,0.024429242,-0.011023526,0.022478824,0.012254056,0.002953118
31/03/2005,-0.008681696,0.000593421,-0.009756917,-0.006530747,-0.00358742
30/04/2005,-0.039522454,0.000577571,-0.023316023,-0.009710767,-0.004861876
31/05/2005,0.063075961,0.024339558,0.036046949,0.020952372,0.020444462
30/06/2005,0.026797103,0.009159073,0.025584831,0.019636646,0.017411879
31/07/2005,0.057272156,0.010106514,0.038374611,0.016557058,0.012235639
31/08/2005,-0.010618235,-0.003760842,0.003298193,0.008374362,0.00461146
30/09/2005,0.047717255,0.001134146,0.031715965,0.017783647,0.010839953
31/10/2005,-0.040522263,-0.017005975,-0.034717831,-0.022866712,-0.016761073
30/11/2005,0.069246421,0.011587701,0.051181386,0.032043881,0.022083615
31/12/2005,0.036526742,0.015483773,0.033083465,0.021738576,0.015614056
31/01/2006,0.030138022,-0.018249439,0.027967012,0.016221068,0.011214548
28/02/2006,0.017611166,0.007178818,0.017401143,0.013119066,0.01243913
31/03/2006,0.025964636,-0.005574891,0.020908384,0.009007701,0.003813693
30/04/2006,-0.001511138,-0.018467215,0.004605963,-0.00122155,-0.005667341
31/05/2006,-0.077910583,-0.01282277,-0.055092977,-0.026094968,-0.017838226
30/06/2006,0.010652541,0.001093818,0.003405899,-0.000275137,3.80E-05
31/07/2006,-0.002569182,-0.002620639,0.006963699,0.009136803,0.009261687
31/08/2006,0.003984102,-0.008652931,0.006837439,0.006881245,0.005535849
30/09/2006,0.023218075,0.014911592,0.015654433,0.011370091,0.013228864
31/10/2006,0.020042324,-0.011474835,0.020603911,0.012518924,0.009734644
30/11/2006,0.004902654,-0.000792018,0.005035629,0.004850897,0.003236092
31/12/2006,0.025460627,-0.014850516,0.023498647,0.012711426,0.011208881
31/01/2007,0.007014888,-0.012783638,0.001746776,6.53E-05,-0.003970209
28/02/2007,0.003488718,0.020568728,0.009041622,0.010226434,0.008654109
31/03/2007,0.01591522,0.001135479,0.010362612,0.002902118,0.00348757
30/04/2007,0.030469299,-0.008988256,0.021375749,0.010873788,0.005662311
31/05/2007,0.028419687,-0.007694552,0.017927424,0.008290279,0.004942995
30/06/2007,-0.012767843,-0.018198164,-0.012523687,-0.011389213,-0.01633338
31/07/2007,-0.02115509,0.012814308,-0.019789645,-0.014657889,-0.008621613
31/08/2007,-0.015728459,0.015859999,-0.010762536,-0.004171835,-0.003731528
30/09/2007,0.044734798,0.020354962,0.02709278,0.014286169,0.010721064
31/10/2007,0.019698391,0.003971898,0.022896051,0.014322119,0.012295887
30/11/2007,-0.038357163,0.017552186,-0.03665614,-0.024269407,-0.016439009
31/12/2007,0.026122471,0.018199988,0.013880901,0.008158969,0.005726258
31/01/2008,-0.087826861,0.030460528,-0.066483828,-0.038322921,-0.028063243
29/02/2008,0.031964179,0.018475421,0.024150544,0.007597904,0.002395565
31/03/2008,-0.036028916,0.017437691,-0.026755477,-0.01735641,-0.015795332
30/04/2008,0.0544296,-0.014144001,0.037510461,0.021800979,0.012809753
31/05/2008,0.018260476,-0.015233421,0.007449812,0.001865607,-0.005963231
30/06/2008,-0.076190736,-0.007927661,-0.057074132,-0.035246461,-0.026336622
31/07/2008,-0.026843202,0.004200227,-0.020797913,-0.011335826,-0.002054703
31/08/2008,0.042824229,0.049870921,0.028106065,0.019481119,0.023254036
30/09/2008,-0.12190246,0.001562146,-0.091382041,-0.062577199,-0.051862059
31/10/2008,-0.128638982,0.034953528,-0.115847071,-0.086096198,-0.068817976
30/11/2008,-0.004537362,0.05759127,0.000552819,0.000834108,0.00519904
31/12/2008,0.087834888,0.110845409,0.058237771,0.035550395,0.048300105
31/01/2009,-0.044221147,-0.020882908,-0.031768808,-0.024045717,-0.026502056
28/02/2009,-0.076736374,-0.031380172,-0.050487999,-0.031749603,-0.020070199
31/03/2009,0.041544246,0.019824732,0.017206973,0.001222541,0.002156054
30/04/2009,0.083889136,-0.016182704,0.065291932,0.04493691,0.029583526
31/05/2009,0.01338369,-0.034977963,0.025792352,0.024960709,0.012648013
30/06/2009,-0.014239113,-0.008833499,-0.008724622,0.002430469,0.008245607
31/07/2009,0.065730165,0.019906284,0.049324619,0.036234345,0.024757365
31/08/2009,0.061784888,0.028411983,0.055261011,0.044880724,0.043165783
30/09/2009,0.053844598,0.040227324,0.042768731,0.032474467,0.025462103
31/10/2009,-0.02647859,-0.020704497,-0.014150101,-0.00589942,-0.00324231
30/11/2009,0.018370663,0.030522936,0.013130126,0.01048489,0.010857721
31/12/2009,0.045037649,-0.017395768,0.028224644,0.016060654,0.006365623
31/01/2010,-0.038131071,0.005786693,-0.022096881,-0.007550934,-0.004390033
28/02/2010,0.04915734,0.045318876,0.024385564,0.012709244,0.010903059
31/03/2010,0.071760497,0.002470086,0.054711561,0.036004672,0.029654251
30/04/2010,-0.001095579,-0.001035885,-0.00227717,0.001188875,0.002082638
31/05/2010,-0.051244765,0.025734827,-0.043698756,-0.030612448,-0.019499666
30/06/2010,-0.049119167,-0.007611519,-0.023318678,-0.010351423,-0.003529937
31/07/2010,0.029710647,-0.001859369,0.031706221,0.020777786,0.014582604
31/08/2010,-0.026153268,0.027265575,-0.011997531,0.001815903,0.013335625
30/09/2010,0.072527497,0.002902084,0.052333954,0.028996477,0.020879235
31/10/2010,0.027524432,0.000257402,0.01840056,0.010365827,0.004096516
30/11/2010,0.008471572,-0.014428776,-0.004086245,-0.007510499,-0.010663235
31/12/2010,0.065904199,0.008366859,0.048302913,0.028667733,0.01875181
31/01/2011,-0.013037877,-0.016951832,-0.00922512,-0.005615247,-0.005959944
28/02/2011,0.007002139,-0.007844043,0.003996061,0.005065743,0.005785085
31/03/2011,0.012178758,0.011297055,0.006869018,0.005655244,0.005112251
30/04/2011,0.005086944,-0.00115023,0.012222044,0.011784788,0.010745124
31/05/2011,-0.011304479,0.011495643,-0.005897103,-0.000800348,0.002860041
30/06/2011,0.002799634,0.020934912,-0.003489993,-0.004906277,-0.005447363
31/07/2011,-0.023130129,0.004467244,-0.007592185,-0.001266979,0.004399681
31/08/2011,-0.080493702,0.020191453,-0.065388244,-0.039836527,-0.022340815
30/09/2011,-0.043816903,0.008060569,-0.024321896,-0.016072512,-0.011986665
31/10/2011,0.080324982,-0.013319673,0.056737071,0.035792744,0.023772583
30/11/2011,-0.04817892,0.001812715,-0.033604517,-0.020136122,-0.004317899
31/12/2011,0.02476945,0.016092523,0.01799891,0.013198545,0.011909192
31/01/2012,0.043464053,0.005692313,0.031592398,0.02170573,0.013350224
29/02/2012,0.045559763,-0.003398455,0.034587851,0.022969695,0.010844063
31/03/2012,-0.005618628,-0.010290535,-0.00610142,-0.004315188,-0.002581142
30/04/2012,-0.021527002,0.001114864,-0.011483882,-0.008063987,-0.00269893
31/05/2012,-0.049229746,0.02483122,-0.036520398,-0.021114183,-0.00618681
30/06/2012,0.013220367,-9.86E-05,0.015009113,0.012379094,0.007185688
31/07/2012,0.024206127,0.011982892,0.023278911,0.02041409,0.017511022
31/08/2012,0.008387813,-0.002835648,0.010876829,0.00907756,0.006164124
30/09/2012,0.015245163,-0.000290314,0.011759325,0.008132675,0.002337422
31/10/2012,-0.002326123,0.00037451,0.003628006,0.004464062,0.002429916
30/11/2012,0.014646152,0.005697279,0.010752944,0.008419257,0.007803054
31/12/2012,0.008200411,-0.005749776,0.010118221,0.007348259,0.004561312
31/01/2013,0.078705945,0.005285077,0.047650905,0.030356117,0.017248893
28/02/2013,0.034095574,0.021334545,0.020127011,0.013111916,0.008833701
31/03/2013,0.018528302,0.00259627,0.016891025,0.013893615,0.012394861
30/04/2013,-0.000123966,-0.001831325,0.004862947,0.007524109,0.009631937
31/05/2013,0.03742458,-0.013188652,0.021325397,0.009255191,3.97E-05
30/06/2013,-0.037529213,-0.014563,-0.038388795,-0.034463239,-0.030998326
31/07/2013,0.046167008,0.00704132,0.040635937,0.029307945,0.019938945
31/08/2013,-0.030237051,-0.02006169,-0.018229178,-0.012947551,-0.012761427
30/09/2013,0.011368804,-0.012031323,0.009937661,0.00789096,0.004895104
31/10/2013,0.042815112,0.013676078,0.033399038,0.025516077,0.021374012
30/11/2013,-0.004301839,-0.018502917,-0.005881637,-0.007030753,-0.007649503
31/12/2013,0.006663517,-0.010615381,0.006855835,0.004558623,-0.000445875
31/01/2014,-0.029194073,0.010699149,-0.018105013,-0.009382889,-0.001964892
28/02/2014,0.032751107,0.000565149,0.028297347,0.020488013,0.013413218
31/03/2014,-0.002657094,0.004777321,-0.006732909,-0.003141511,-0.001977452
30/04/2014,-0.008644987,-0.000480185,-0.000676069,0.003479001,0.004038071
31/05/2014,0.026386049,0.012836418,0.017131637,0.01412892,0.011292314
30/06/2014,-0.001479959,-0.006318174,-0.005776911,-0.003347075,-0.002756671
31/07/2014,0.001724914,0.00388776,0.002117992,0.001988107,0.001205025
31/08/2014,0.023476622,0.017760157,0.016289483,0.012798368,0.011978507
30/09/2014,-0.009189189,-0.004486688,-0.010579914,-0.009470564,-0.007662758
31/10/2014,0.007316025,0.010130533,-0.000760073,-1.21E-05,0.003968943
30/11/2014,0.039117874,0.009722936,0.032167436,0.023940517,0.018107148
31/12/2014,-0.008618392,-0.000714206,-0.004376581,-0.003281694,-0.001941893
31/01/2015,0.020353006,0.033310372,0.024347037,0.022437912,0.022660066
28/02/2015,0.025723431,-0.022295163,0.017303614,0.009213282,0.001780505
31/03/2015,0.028570695,0.020102818,0.015263833,0.011328145,0.009865514
30/04/2015,-0.006480984,-0.018942948,0.001208059,0.001450025,-0.003005982
31/05/2015,0.01348346,-0.011419202,0.012599746,0.006638255,0.002501568
30/06/2015,-0.051211983,-0.026614629,-0.037558812,-0.029676653,-0.025158991
31/07/2015,0.010855955,0.006576378,0.006874926,0.00497998,0.005799019
31/08/2015,-0.050405824,0.005787073,-0.038464507,-0.027400536,-0.017022251
30/09/2015,-0.037072492,0.008365715,-0.019936032,-0.014771102,-0.00851349
31/10/2015,0.067114903,-0.002670561,0.042617066,0.029003089,0.017094023
30/11/2015,0.015176429,0.004907622,0.008635932,0.00559465,0.004841272
31/12/2015,-0.002079628,0.00759868,-0.003343419,-0.004970195,-0.006074368
31/01/2016,-0.054239929,0.033285943,-0.037681971,-0.024175905,-0.009500906
29/02/2016,0.036828516,0.031355211,0.016457169,0.00949235,0.006911502
31/03/2016,0.032358016,0.00338441,0.022623086,0.020942291,0.015437029
30/04/2016,0.003297089,-0.002122077,0.00310196,0.004495066,0.002846085
31/05/2016,0.002331222,-0.009499027,0.003755404,0.002271701,0.002127782
30/06/2016,0.048679661,0.08080475,0.017286173,0.014640779,0.019674039
31/07/2016,0.065627911,0.010566654,0.050675001,0.038897959,0.029447054
31/08/2016,0.016016963,0.004571454,0.017970309,0.01759938,0.015259565
30/09/2016,0.009516095,0.009376351,0.004726331,0.002560696,0.000609435
31/10/2016,0.04239799,0.023022894,0.015699059,0.007358992,-0.000845954
30/11/2016,-0.01677565,-0.047259379,-0.015819637,-0.015216036,-0.014789516
31/12/2016,0.031264119,0.006017334,0.025543336,0.021327945,0.01527361
31/01/2017,0.014000057,-0.004649054,0.005913028,0.002934082,0.000713994
28/02/2017,0.029013721,0.012324188,0.021707649,0.018215381,0.015441029
31/03/2017,0.01130038,0.001940977,0.00979995,0.007868278,0.005012016
30/04/2017,-0.010154039,-0.015579283,-0.00073597,0.000704043,0.000588013
31/05/2017,0.0302532,0.011219111,0.024573016,0.017740527,0.012968301
30/06/2017,-0.004906845,-0.004083892,-0.007778735,-0.006255698,-0.006386265
31/07/2017,0.01504103,0.000708584,0.008119018,0.005590072,0.004769082
31/08/2017,0.014131366,0.021974803,0.010445177,0.007847984,0.007782754
30/09/2017,-0.013654697,-0.030355246,-0.009154253,-0.007585745,-0.008687518
31/10/2017,0.033036943,0.002082949,0.022682924,0.01429007,0.008776032
30/11/2017,-0.001001894,-0.004197818,-0.002332059,-0.001839721,-0.001153958
31/12/2017,0.016242302,-0.001227573,0.012961862,0.010217061,0.007852294
31/01/2018,0.006680074,-0.019644409,0.000838018,-0.000504998,-0.003009981
28/02/2018,-0.01402144,0.010404453,-0.016237469,-0.013655815,-0.010628989
31/03/2018,-0.042822303,0.000148978,-0.026759341,-0.017621557,-0.008757155
30/04/2018,0.039980983,0.00116788,0.031456996,0.021979986,0.012230916
31/05/2018,0.035835336,0.008714293,0.019260075,0.009025723,0.006627104
30/06/2018,0.001227181,0.004354909,-0.002301814,-0.002882152,-0.002132631
31/07/2018,0.024776004,0.003403573,0.015632985,0.01129201,0.006138077
31/08/2018,0.017235999,0.000105089,0.002649551,-0.000757513,-0.000314108
30/09/2018,-0.003559052,-0.00708066,-0.004111614,-0.003099326,-0.003653733
31/10/2018,-0.065466952,0.004073931,-0.046220959,-0.03006204,-0.016355075
30/11/2018,0.016045374,0.005053833,0.005105921,0.000143323,-0.002972495
31/12/2018,-0.067157546,0.017346742,-0.039184324,-0.024794879,-0.010793076
31/01/2019,0.046866019,-0.00665613,0.033229982,0.026867031,0.017702066
28/02/2019,0.02266002,-0.012861141,0.013982186,0.009576576,0.005105335
31/03/2019,0.025680304,0.022813927,0.016037549,0.012516669,0.01277772
30/04/2019,0.039319006,-0.001559775,0.028901991,0.017976033,0.009567068
31/05/2019,-0.023286362,0.036528979,-0.015770247,-0.010099411,-0.000438893
30/06/2019,0.048150121,0.015423341,0.029095205,0.020702707,0.015324142
31/07/2019,0.047014978,0.027228819,0.029709046,0.020960952,0.014992934
31/08/2019,-0.023531692,0.020508506,-0.01841491,-0.009469505,0.000434585
30/09/2019,0.001666754,-0.016966117,0.008975441,0.006945684,0.002976946
31/10/2019,-0.020246978,-0.030938884,-0.010715975,-0.006836087,-0.007035075
30/11/2019,0.029645264,-0.008333776,0.019089546,0.011801734,0.006315469
31/12/2019,0.010129851,-0.009767333,0.015139272,0.012274096,0.006321831
31/01/2020,0.002779015,0.014069865,-0.002701986,-0.000191084,0.00613497
29/02/2020,-0.063378911,0.024629809,-0.046780364,-0.031998997,-0.016222482
31/03/2020,-0.099041268,0.005709302,-0.110169566,-0.099894089,-0.070862929
30/04/2020,0.097369974,0.001697089,0.073362057,0.056780895,0.040589056
31/05/2020,0.06016838,0.023802583,0.036802946,0.027517654,0.021117749
30/06/2020,0.025580309,0.008363976,0.016658909,0.01417953,0.011960795
31/07/2020,-0.001139006,-0.01467211,-9.50E-05,0.004139083,0.006133977
31/08/2020,0.036741805,-0.017491168,0.023080124,0.012619657,0.002686602
30/09/2020,0.006083714,0.023798896,-0.003941346,-0.004181694,0.000305211
31/10/2020,-0.019376968,-0.003376849,-0.016925953,-0.011478942,-0.006962033
30/11/2020,0.090471063,-0.005875902,0.072544883,0.057493996,0.034414686
31/12/2020,0.02474976,-0.003195681,0.024259425,0.019340669,0.013527748
31/01/2021,-0.001449989,-0.015528935,-0.002795041,-0.003551916,-0.004261016
28/02/2021,0.004449419,-0.033953313,0.002382641,-0.000604235,-0.009619901
31/03/2021,0.028971338,-0.005811467,0.016005782,0.012709732,0.006137885
30/04/2021,0.042210043,0.005057042,0.030809059,0.021729921,0.014068943
31/05/2021,-0.010751219,-0.009597516,-0.001291229,0.002656416,0.002219854
30/06/2021,0.036510919,0.012056249,0.01941272,0.011366092,0.008647821
31/07/2021,0.005802006,0.004819019,0.004746939,0.005907992,0.007183077
31/08/2021,0.033965919,0.006463803,0.022386804,0.014428805,0.008624023
30/09/2021,-0.019808307,-0.004050144,-0.013615101,-0.012412539,-0.014478267
31/10/2021,0.023975956,-0.018319908,0.009304044,0.005508045,0.003043011
30/11/2021,0.008431871,0.021293048,0.002536411,-6.18E-05,0.002026882
31/12/2021,0.013698276,-0.01580823,0.015258923,0.012539798,0.004783586
31/01/2022,-0.071606972,-0.011327053,-0.047331996,-0.03050504,-0.025980932
28/02/2022,-0.019317299,-0.010608071,-0.016210263,-0.017429611,-0.015275944
31/03/2022,0.044006399,-0.010884485,0.027765999,0.014522381,0.003956628
30/04/2022,-0.032438045,-0.014817948,-0.021314007,-0.017620021,-0.018996048
31/05/2022,-0.017231977,-0.000397934,-0.008959906,-0.005268783,-0.007353643
30/06/2022,-0.05405567,-0.005736295,-0.045316358,-0.041110219,-0.035584699
31/07/2022,0.070771053,0.016754915,0.034985989,0.025907041,0.022778925
31/08/2022,0.005500619,-0.003913349,-0.000949734,-0.005509335,-0.012971414
30/09/2022,-0.054545489,-0.013438319,-0.051663364,-0.049100513,-0.04554979
31/10/2022,0.020063022,-0.030368901,0.005785061,0.006102907,0.005902968
30/11/2022,0.031431409,0.01723839,0.037363766,0.033927984,0.027641775
31/12/2022,-0.02875329,-0.004049218,-0.01415796,-0.009368925,-0.010418794
31/01/2023,0.044429044,0.010336973,0.034346028,0.030545012,0.025916023
28/02/2023,-0.001854646,-0.0198172,-0.003064728,-0.00841111,-0.012108138
31/03/2023,-0.001940529,0.017353127,-0.008822939,-0.00547323,0.002606821
30/04/2023,-0.001924042,-0.008618077,0.005766953,0.005516987,0.003183019
31/05/2023,0.001932748,-0.007366498,-0.007145756,-0.01014307,-0.01130795
30/06/2023,0.023606931,-0.018304357,0.003034261,0.000561688,-0.001835116
31/07/2023,0.019274047,-0.004464087,0.017419034,0.014262017,0.009964067
31/08/2023,-0.015521882,-0.003431214,-0.012306655,-0.009213677,-0.005466687
30/09/2023,-0.013153609,-0.001194424,-0.006667348,-0.006066122,-0.007106406
31/10/2023,-0.035405038,-0.005748007,-0.025454936,-0.018032076,-0.011264063
30/11/2023,0.053193365,0.013377858,0.041224337,0.036309904,0.031955965
31/12/2023,0.051672159,0.035135562,0.04228644,0.038240967,0.035190627
31/01/2024,0.004130045,-0.016142992,-0.000731016,-0.003988007,-0.005544946
29/02/2024,0.040183952,-0.008199371,0.014198432,0.005095352,0.001317285
31/03/2024,0.032085857,0.006905219,0.027902461,0.023763224,0.019301701
30/04/2024,-0.022461985,-0.019691031,-0.007115969,-0.007038965,-0.010304013
31/05/2024,0.012062975,-0.001994148,0.009886369,0.008298313,0.005637014
30/06/2024,0.018192104,0.007586157,0.013966211,0.010148866,0.011101504
31/07/2024,-0.000583978,0.012571007,0.00591097,0.01002701,0.009829942
31/08/2024,0.00078746,0.007360482,0.004967709,0.006425623,0.007865667
30/09/2024,0.001332718,0.001344146,0.005420796,0.006172053,0.006674518
31/10/2024,0.01167002,-0.009884045,-0.000747036,-0.005058039,-0.006123061
30/11/2024,0.042106592,0.014308384,0.024375192,0.016352767,0.013447404
31/12/2024,-0.018041901,-0.012547156,-0.011032503,-0.010537932,-0.009401981
31/01/2025,0.05000697,0.010196917,0.033170993,0.023915069,0.01720501
28/02/2025,-0.032767335,0.005468221,-0.011971846,-0.00257642,0.000549597
31/03/2025,-0.059757734,-0.011264886,-0.032322606,-0.018872494,-0.013107185
30/04/2025,-0.018562961,0.005319904,-0.010879025,-0.004571046,-0.000519052
31/05/2025,0.051160615,-0.009853431,0.032876708,0.020684574,0.009894206
30/06/2025,0.024040179,0.005902046,0.016545894,0.014915174,0.012520654
